STT,Key_word
1,Núi Ngũ Hành Sơn Da Nang
2,Khu du lịch Ba Na Hills SunWorld Da Nang
3,Lady Buddha Da Nang
4,Cầu Rồng Da Nang
5,My Khe Beach Da Nang
6,Cầu Vàng Da Nang
7,Núi Sơn Trà Da Nang
8,Linh Ung Pagoda Da Nang
9,Panda Spa & Massage In Danang City Da Nang
10,Bảo tàng điêu khắc Chăm thành phố Đà Nẵng Da Nang
11,War Remnants Museum Ho Chi Minh City
12,Cu Chi Tunnels Ho Chi Minh City
13,Chợ Bến Thành Ho Chi Minh City
14,À Ố Show - Lune Production Ho Chi Minh City
15,Bưu điện trung tâm Sài Gòn Ho Chi Minh City
16,Tháp Tài Chính Bitexco Ho Chi Minh City
17,Club V E-Gaming Ho Chi Minh City
18,Dinh Độc Lập Ho Chi Minh City
19,Đường Bùi Viện Ho Chi Minh City
20,Ben Nghe Street Food Ho Chi Minh City
21,Phố Cổ Hà Nội Hanoi
22,Hoa Lo Prison Hanoi
23,Văn Miếu Q Hanoi
24,Vietnam Museum of Ethnology Hanoi
25,Bảo tàng Phụ nữ Việt Nam Hanoi
26,Lăng Chủ Tịch Hồ Chí Minh Hanoi
27,Vega Travel Hanoi
28,Hồ Hoàn Kiếm Hanoi
29,Serene Spa Hanoi Hanoi
30,Vegas M E - Gaming Club Hanoi
31,Bến Phà Tuần Châu Quang Ninh
32,Tuần Châu Hạ Long Quang Ninh
33,Vietpearl Farm Quang Ninh
34,Aime'e Cruises Quang Ninh
35,Sea Lavie Cruise Quang Ninh
36,Ku Ku Bike Quang Ninh
37,GARDEN PEAK CRUISE - Bai Tu Long Bay Quang Ninh
38,Quang Ninh Quang Ninh
39,Halong Bay Cruises Quang Ninh
40,THAO NGUYEN XANH TRAVEL AGENT Quang Ninh
41,Tra Su Bird Sanctuary An Giang
42,Hang Chau Tourist An Giang
43,Chùa Hang An Giang
44,Ba Chua Xu Temple An Giang
45,Chợ Nổi Châu Đốc An Giang
46,Du Hành Xanh An Giang
47,Mieu Ba Chua Xu Nui Sam An Giang
48,Chợ Nổi Long Xuyên An Giang
49,Bảo Tàng An Giang An Giang
50,Chùa Phước Điền An Giang
51,Làng gốm Phù Lãng Bac Ninh
52,Chùa Dâu Bac Ninh
53,Chùa Phật Tích Bac Ninh
54,Đền Bà Chúa Kho Bac Ninh
55,Đền Giếng (Đền Cùng - Giếng Ngọc) Bac Ninh
56,Đền Lý Bát Đế Bac Ninh
57,Imi Farm Bac Ninh
58,Cheon An Barbershop Bac Ninh
59,Grow nail Bac Ninh
60,Hanoi transfer to Tam Coc  Ninh Binh ( Private car ) Bac Ninh
61,Mui Ca Mau Ca Mau
62,Công viên Văn hóa - Du lịch Mũi Cà Mau Ca Mau
63,Khu Tưởng niệm Chủ tịch Hồ Chí Minh Ca Mau
64,Khu Du Lịch Khai Long Ca Mau
65,Trung Tâm Thông Tin Xúc Tiến Du Lịch Tỉnh Cà Mau Ca Mau
66,Uyên - Handmade Candles & Workshop Ca Mau
67,Chợ Nổi Cái Răng Can Tho
68,Nhà cổ Bình Thủy Can Tho
69,Chùa Ông Can Tho
70,Cầu Cần Thơ Can Tho
71,Thiền Viện Trúc Lâm Phương Nam Can Tho
72,Viện Bảo Tàng của Tarot Can Tho
73,Vườn Ca Cao Mười Cương Can Tho
74,Bến Ninh Kiều Can Tho
75,Can Tho Market Can Tho
76,Nguom Ngao Cave Cao Bang
77,Núi Mắt Thần Cao Bang
78,Kim Dong Walking Street Cao Bang
79,Hồ Thang Hen Cao Bang
80,Cho Xanh market Cao Bang
81,Cao Bang UNESCO Global Geopark Cao Bang
82,Thác Cò Là Cao Bang
83,Cao Bang Motorbike Rentals & Tours Cao Bang
84,Thung Lũng Khuổi Hân Cao Bang
85,Cao Bang Eco Travel Cao Bang
86,Dray Nur Waterfall Dak Lak
87,Ghềnh Đá Dĩa Dak Lak
88,Làng Cà Phê Trung Nguyên Dak Lak
89,Vườn Quốc Gia Yok Đôn Dak Lak
90,Ethnographic Museum Dak Lak
91,Hồ Lắk Dak Lak
92,Mũi Đại Lãnh Dak Lak
93,Hải đăng Mũi Đại Điện Dak Lak
94,Bảo Tàng Thế giới Cà phê Dak Lak
95,Nhà Thờ Mằng Lăng Dak Lak
96,Đồi A1 Dien Bien
97,Bảo Tàng Chiên Thắng Điện Biên Phủ Dien Bien
98,Thành Bản Phủ Dien Bien
99,Nghĩa trang Liệt sỹ Điện Biên Phủ Dien Bien
100,Khu Du Lịch Khoáng Nóng Uva Dien Bien
101,Cột Mốc Số 0 Dien Bien
102,Bunker of Castries Dien Bien
103,Du Lịch Cộng Đồng Mường Phăng Dien Bien
104,Victory Monument Dien Bien
105,Muong Thanh Market Dien Bien
106,Cat Tien Park Dong Nai
107,Sơn Tiên - The Amazing Bay Dong Nai
108,Núi Bửu Long Dong Nai
109,Khu Bảo Tồn Thiên Nhiên - Văn Hóa Đồng Nai Dong Nai
110,Khu Du Lịch Sinh Thái Bò Cạp Vàng Dong Nai
111,Khu Du Lịch Sinh Thái Thác Giang Điền Dong Nai
112,Long Thanh Golf Club Dong Nai
113,Khu Du Lịch Sinh Thái Vườn Xoài Dong Nai
114,tiNiWorld Dong Nai
115,Our Lady Of Nui Cui Dong Nai
116,Sa Dec Market Dong Thap
117,Vườn Quốc Gia Tràm Chim Dong Thap
118,Huynh Thuy Le Ancient House Dong Thap
119,Làng Hoa Sa Đéc Dong Thap
120,Khu Di Tích Xẻo Quýt Dong Thap
121,KDL Vườn Hồng Tư Tôn Dong Thap
122,công viên Văn Miếu cao lãnh Dong Thap
123,Sa Nhiên Garden Dong Thap
124,Tú Martell Tattoo Studio Dong Thap
125,Transfeero Dong Thap
126,Minh Thanh Temple Gia Lai
127,Phu Cuong Waterfall Gia Lai
128,T'Nung Lake ( Ia Nueng) Gia Lai
129,Núi lửa Chư Đăng Ya Gia Lai
130,Kon Ka Kinh National Park Gia Lai
131,Thiền Đường Giác Sơn Gia Lai
132,Biển Hồ Gia Lai
133,Đồi Cỏ Hồng Đăk Đoa Gia Lai
134,Plei Chuet Montagnard Church Gia Lai
135,Dong Nhi Cemetery Gia Lai
136,Huong Tich Pagoda Ha Tinh
137,Vinpearl Water Park Hà Tĩnh Ha Tinh
138,Vườn Quốc Gia Vũ Quang Ha Tinh
139,Hồ Kẻ Gỗ Ha Tinh
140,Tran Phu Memmorial House Ha Tinh
141,Đền thờ Cố Tổng bí thư Lê Duẩn Ha Tinh
142,Shire Of Le Duan Ha Tinh
143,Hà Tĩnh Stadium Ha Tinh
144,Vịnh Lan Hạ Hai Phong
145,Vườn Quốc Gia Cát Bà Hai Phong
146,Đảo Cát Bà Hai Phong
147,Thien Long Cave Hai Phong
148,Hospital Cave Hai Phong
149,Monkey Island Hai Phong
150,Làng Việt Hải Hai Phong
151,Hoa Cuong Cave Hai Phong
152,Động Trung Trang Hai Phong
153,Pelican Cave (Hang Bo Nau) Hai Phong
154,Hoàng Thành Huế Thua Thien Hue
155,Chùa Thiên Mụ Thua Thien Hue
156,Bach Ma National Park Thua Thien Hue
157,Mausoleum of Emperor Minh Mang Thua Thien Hue
158,Royal Tombs Thua Thien Hue
159,Tomb of Tu Duc Thua Thien Hue
160,Imperial Tomb of Dong Khanh Thua Thien Hue
161,Perfume River Thua Thien Hue
162,Tử Cấm Thành Thua Thien Hue
163,AEON MALL Hue (VN) Thua Thien Hue
164,VinWonders Wave Park & Water Park Hung Yen
165,Làng Cổ Nôm Hung Yen
166,Aquafield Ocean City (Sauna & Spa) Hung Yen
167,HIF Ecopark Hung Yen
168,SRider Vietnam Hung Yen
169,Mint Foundation Hung Yen
170,Genesis Escape - Grandworld HN Hung Yen
171,Kalos Tour Hung Yen
172,AVA-X Travel Hung Yen
173,Về Để Đi Whisky Distillery Hung Yen
174,VinWonders Nha Trang Khanh Hoa
175,Tháp Chàm Po Nagar Khanh Hoa
176,Long Son Pagoda Khanh Hoa
177,Biển Nha Trang Khanh Hoa
178,Thác Ba Hồ Khanh Hoa
179,Doc Let Beach Khanh Hoa
180,Russian Information Center Khanh Hoa
181,Nhà thờ Chánh tòa Kitô Vua (Nhà thờ Núi) Khanh Hoa
182,Long Thanh Photo Studio Khanh Hoa
183,Paradise Cable Car Khanh Hoa
184,Thác Tình yêu Lai Chau
185,Chợ Tam Đường Lai Chau
186,Pu Sam Cap Caves Lai Chau
187,Sin Suoi Ho Resort Lai Chau
188,Kien Tour Guide Lai Chau
189,Lai Chau Tour Lai Chau
190,Theo Travel Lai Chau
191,Lai Châu Trails Lai Chau
192,Sapa Beyond Adventures Lai Chau
193,Chùa Linh Ẩn (Linh Ẩn Tự) Lam Dong
194,Dambri Waterfall Lam Dong
195,Samten Hills Dalat Lam Dong
196,The Florest - Hoa Trong Rừng Lam Dong
197,Trại dế Thiện An Lam Dong
198,Đami Farm Lam Dong
199,Pawsome Haven Lam Dong
200,Elon Farmstay Lam Dong
201,Goats In Dalat Lam Dong
202,Mơ Mơ Studio - Plants & Art Lam Dong
203,Thung Lũng Bắc Sơn Lang Son
204,Động Tam Thanh Lang Son
205,Lang Son UNESCO Global Geopark Lang Son
206,Nhi Thanh grotto Lang Son
207,Siêu thị WinMart Lạng Sơn Lang Son
208,Hava Travel Lạng Sơn Lang Son
209,Vietnam Expeditions Lang Son
210,Thành Nhà Mạc Lạng Sơn Lang Son
211,Trạm Dừng nghỉ Hoa Hồi Lạng Sơn Lang Son
212,Lang Son Expeditions Lang Son
213,Mong Village - Alpine Coaster Sapa Lao Cai
214,Moana Sapa Lao Cai
215,Chợ phiên Sín Chéng Lao Cai
216,Cao Son Market Lao Cai
217,Làng Y Tý Lao Cai
218,Loa Cai Crossing (vietnam To China) Lao Cai
219,Đền Mẫu Lao Cai
220,Bạch Mộc Lương Tử Lao Cai
221,Đền Mẫu Lào Cai Lao Cai
222,Trang An Grottoes Ninh Binh
223,Mua Caves (Hang Múa) Ninh Binh
224,Cơ Sở Bảo Tồn Gấu Ninh Bình Ninh Binh
225,Van Long Nature Reserve Ninh Binh
226,Vườn quốc gia Cúc Phương Ninh Binh
227,Phat Diem Cathedral Ninh Binh
228,Phố Cổ Hoa Lư Ninh Binh
229,Tam Coc Museum Ninh Binh
230,Tuyệt Tình Cốc Ninh Binh
231,Dundj Valley Ninh Binh
232,My Lai Massacre Museum Quang Ngai
233,Di Tích Sơn Mỹ - Thảm Sát Mỹ Lai Quang Ngai
234,Sa Huynh Beach Quang Ngai
235,Chùa Thiên Ấn Quang Ngai
236,Kathedrale Quang Ngai
237,Markt Quang Ngai
238,Nhà Thờ Quang Ngai Quang Ngai
239,Thuê Xe Máy Quảng Ngãi Quang Ngai
240,cửa hàng cho thuê xe máy quảng ngãi . xuân hậu Quang Ngai
241,Thác Mờ Nanh - Quảng Ngãi Quang Ngai
242,Thành cổ Quảng Trị Quang Tri
243,Phong Nha Caves Exploration Museum Quang Tri
244,Trường Bồ Đề Quang Tri
245,Regal Beach Club Quang Tri
246,Mia's Private Gym Phong Nha Quang Tri
247,Commander Cave - Hang Chỉ Huy Quang Tri
248,Arem adventure Quang Tri
249,Mỏm Tà Xùa Son La
250,Nhà Tù Sơn La Son La
251,Moc Chau Island Son La
252,Hung Quoc Pagoda Son La
253,Miền Ban Trắng Son La
254,Cao Dai Temple Tay Ninh
255,Black Virgin Mountain Tay Ninh
256,Lady Buddha Statue Tay Ninh
257,Long Điền Sơn Tay Ninh
258,Hang Pagoda Tay Ninh
259,Power Pole Trail Tay Ninh
260,Sun World Black Virgin Mountain Tay Ninh
261,Boi Loi Trail Tay Ninh
262,Vườn Quốc Gia Lò Gò-Xa Mát Tay Ninh
263,Buddha Nirvana Black Virgin Mountain Tay Ninh
264,Bảo tàng Văn hóa các Dân tộc Việt Nam Thai Nguyen
265,Nui Coc Lake Thai Nguyen
266,Quảng Trường Võ Nguyên Giáp Thai Nguyen
267,Thác Cửa Tử Thai Nguyen
268,Hang Phượng Hoàng Suối Mỏ Gà Thai Nguyen
269,Suối Đá Cổng Thai Nguyen
270,Không Gian Văn Hóa Trà Tân Cương Thai Nguyen
271,Thác Ngao Thai Nguyen
272,Thác Chiểm Thai Nguyen
273,Khu Di Tích Lịch Sử - Sinh Thái ATK Định Hóa Thái Nguyên Thai Nguyen
274,Na Hang Tuyen Quang
275,Hồ Thủy Điện Na Hang Tuyen Quang
276,Stone Hell Tattoo - Local Art & Beer Tuyen Quang
277,Hagiangtoptravel ( hagiangloop) Tuyen Quang
278,Loopways.vn Tuyen Quang
279,Ha Giang By Jeep Tuyen Quang
280,HaGiangOiTour Tuyen Quang
281,Ha Giang Loop Untamed Tuyen Quang
282,HagiangTrips Tuyen Quang
283,Ha Giang Highlanders Adventures Tuyen Quang
284,Viet Artisans Vinh Long
285,Chợ Vĩnh Long Vinh Long
286,Giáo xứ Long Mỹ Vinh Long
287,Vinh Long Provincial Museum Vinh Long
288,Chợ Đêm Vĩnh Long Vinh Long
289,Phà An Bình Vinh Long
290,Đền Nàng Bình Khương Vinh Long
291,Taxi Mai Linh Vĩnh Long Vinh Long
292,Taxi Giá Rẻ @387-50-40-30 Vinh Long
293,Tombeau de M. Ham Huynh Ki Vinh Long
